cleaned_comments,time
youre ever falling death try land car break fall back apparently,2021-06-25 02:24:48
hellen mirren saying john cena vin diesel similar facial feature straight face highlight movie,2021-06-25 06:23:22
think intimidating villain movie charlize therons bowl cut,2021-06-25 04:46:46
tez well alright long obey law physic entire movie lol naw fuck,2021-06-25 02:46:44
wish dom would interact rest crew felt like hardly saw scene interaction tej roman,2021-06-25 02:29:29
anybody explain dom gain super strength point take 20 something soldier single handedly,2021-06-25 05:19:48
scene cant whole movie dude offer dom beer dom take beer doesnt take sip set leaf take beer youre going drink say thanks beer going warm cant put back fridge going take process scene,2021-06-26 04:07:19
somebody lied police report beat man half death socket wrench clearly pipe wrench,2021-06-25 03:07:16
walked feeling like ridiculous movie ever made whether thats good thing bad thing depends scene talking,2021-06-25 02:30:41
holy shit ffat least since fast 5 always ridiculous story physic wise hit another level also many innocent people dom gang killed magnet car going entire building full people utensil fork knife etc flying speed sound using people car stop armored truck etc least hundred seems like real bad guy admit tho last scene see brian arriving car dom smiling offscreen felt,2021-06-25 19:52:08
roman starting become immune fast furious cabin wood scenario,2021-06-25 02:38:53
youve ever wondered magnet work movie,2021-06-25 02:04:34
hear john cena isnt part family least yet youre family unless go bbq share corona,2021-06-25 15:01:37
anyone else waiting dom apologize jacob mean basically excluded guy life real sense warmth letting stew anger hatred best part life made incorrect assumption,2021-06-25 16:53:05
calling nowhan showed give shaw hug bad blood except maybe shaw owing han 10second car,2021-06-25 05:57:49
favorite part bad guy wearing parachute truck reason,2021-06-26 04:06:47
here thing f9 many hole could poke wanted fact 9 film bunch street racer taking avenger level threat going space favourite part tokyo drift crew one driving jet get saw coming 2006 plot exists basic exercise getting set piece set piece b detour cameo idea cardi b whatever im sheer unending ridiculouslness realistically jumped shark fast 6 riding wave ever higher since moment dont give damn co big stupid grin face entire movie dont know im going feel 3 watch home good goddam cinema yesterday still miss paul walker grounding element movie suspect behind scene good justin lin back know put action scene together really bring along climactic action scene way engaging 95 big blockbuster climax also clearly get ridiculous laughed like loon several action beat always laughing movie,2021-06-26 10:49:31
really liked flashback scene cool see young dom wonder ever make prequels go back street racimg,2021-06-25 02:44:30
cant believe went space finally,2021-06-25 02:10:24
started bawling lucas saw han gave hug 15 year making fuck everyone older bow wow gain bit pound also love tokyo drift gang sit table apart la familia god cheesy series love,2021-06-25 06:28:21
bet doms father wind villain next film final somehow hell masterminding everything happened entire series,2021-06-25 06:00:37
legitimately spent first hour movie concerned dom straight abandoned child,2021-06-25 09:07:38
john cena staring longidly cell many laugh,2021-06-25 02:37:54
dom literally hulk without green skin point,2021-06-25 02:05:20
empty plate hit hard seeing car hit harder,2021-06-25 02:33:23
wonder electronic voice hobbs shaw controlling brixton somehow connected cipher 10 11 everybody hobbs shaw fast furious film come together defeat full avenger style maybe brixton come back engineered good guy mr nobody somehow found way fake death,2021-06-25 03:50:43
biggest problem movie much need stroke vins ego movie,2021-06-26 17:11:37
love didnt bother explain han death idk mr nobody thing perfect,2021-06-25 03:12:30
john cena babyface couldnt heel entirety movie,2021-06-25 02:33:47
cannot wait made podcast episode,2021-06-25 03:30:15
erase scott eastwoods character existence,2021-06-25 20:42:17
look like minion,2021-06-25 03:49:24
best part young vin like 2 foot taller young cena,2021-06-25 02:19:49
literal chill showed brians car end nice touch,2021-06-25 02:52:31
let see list wait moment f9 obvious one easy overlook example secure air transport high performance vehicle middle central american jungle,2021-06-25 03:05:30
spend film waiting rich dude dad glorious cameo nope,2021-06-25 02:04:50
fuck watch,2021-06-25 02:10:30
young vin actor great would love see prequels main franchise,2021-06-25 02:49:24
dame helen mirren play recurring character dumb action franchise funniest fucking thing obviously absolute ball fun watch,2021-06-26 02:24:11
watching trailer lol gonna f10 go space watching third act ᵒʰ,2021-06-25 02:41:56
power sung kang franchise unreal first restructure entire chronology order able keep bringing back run course decide screw let make alive anyway bad shouldve onetime character,2021-06-25 09:37:57
liked part fast furious,2021-06-25 03:44:55
sent car space franchise fast10 seatbelt motherfucker sky limit edit want go put literally anything everything think table travel dinosaur marina trench volcano cheetah murder mystery transformer anime girl boat yoda dont care put fucking fast furious movie,2021-06-25 02:09:26
cena face turn end ludacris quoting scott steiner saying number dont lie space man also brians car showing end felt right,2021-06-25 03:09:56
constantly building roman tej die,2021-06-25 02:02:47
dom capable literally everything except delivering line ounce emotion,2021-06-26 23:57:07
dont know postpandemic thing theater great vibe everyone happywatching,2021-06-25 04:52:11
went space 1010,2021-06-25 02:08:55
world newest dangerous weapon stolen mr nobody mechanic la government wait love franchise defend end,2021-06-25 04:06:27
charlize theron fine fuck,2021-06-27 00:07:53
left theater mixed emotion didnt feel fun 8 lot entertaining moment sure something felt seemed like dom interacted letty jakob mia briefly han meta commentary funny old quick star war bit giant eyeroll paul walker died felt absence noticeable rock jason statham arent movie there bigger hole filled three villain werent compelling honestly interesting much preferred plot villainy 8 enjoyed dom jakobs backstory casting felt slightly wonky id say roman tej saving grace movie chemistry interaction better movie others love rewatching movie moment dont know rewatch,2021-06-25 02:41:40
fun really showed much johnson presence helped ensemble walker death vin cannot carry ensemble lead know mr nobody dead sort tease would nice,2021-06-25 23:20:34
made rethink initially thought hobbs shaw changed mind liking least movie two main character trained super soldier bunch car enthusiastspetty thief avenger,2021-06-26 17:04:20
ok ive posted final thought im 100 certain whole cast winkwink nature moviesexcept vin diesel movie nod travel immortalityjust already coward dom literally forgiven straightup villain forgave brother absolutely hilarious considering family,2021-06-28 11:53:49
drive car space,2021-06-25 02:11:26
back fairly packed theatre enjoyed flashback scene young dom racetrack definitely emotion build rest movie dumb hell magnet outer space skyline bbq scene nice im glad still included paul walked tribute reunion tokyo drift cast nice mentioned bow wow fat lucas skinny didnt age well theatre left missed end credit scene expect statham appear theron still around cena still around clearly going way movie series,2021-06-25 03:02:29
tyrese gibson absolutely earned paycheck especially fast furious movie exception,2021-06-27 03:09:03
vin diesel helen mirren surprising almost upsetting amount sexual chemistry,2021-06-26 02:32:36
theory dom didnt survive crash end first movie life leaf battered body fantasy spy flash front eyesand like inception go deeper deeper dream level new ff movie x200b really want believe otherwise movie make sense,2021-07-16 15:41:42
mad lad wait travel vampire ghost dinosaur enter series,2021-06-25 02:08:04
hold day han died dom get mysterious postcard tokyo keep year never bother investigate movie see cenas cross recording reason reminded postcard brings along lead others han hiding spot eventually basically dom decided take trip tokyo point roam street could randomly stumbled across mexican flag reunited han,2021-06-29 06:22:21
deleted,2021-06-25 02:03:23
paid fast 9 left watched documentary magnet,2021-06-27 04:22:03
hope subsequent movie keep showing different angle han car blowing tokyo revealing new retcon scene,2021-06-28 21:21:08
cardi b scene hell,2021-06-25 03:45:40
say whatever hell want action progressed top somewhat believable fast five alright literally suspend common sense think worked f9 world building done course nine dont count hobbs shaw film bettered marvel universe opinion yeah return death retcon trope overused way much little callback detail remembering character like twinky leo santos building film inclusion shaw family show small attention detail hopefully itll pay series finale everyone hell omar couldnt show ever part family help final conflict,2021-06-25 20:05:22
going mention literally drove car rope bridge broken end,2021-06-27 22:52:19
man miss paul walker,2021-07-06 07:13:08
couldnt stop laughing dom speared jacob zip line,2021-06-25 20:43:11
absolutely floored fact stretched armored truck seemed move faster upside fucking right side movie ridiculous,2021-06-26 05:17:01
series jump shark space stuff crazy wacky movie great final shot,2021-06-25 02:17:39
john cena prob still ziplining,2021-07-01 17:01:50
first movie post pandemic friend mine opening night moment han showed people clapped ive missed yeah theater expensive hell still yeah fast saga isnt glorious masterpiece franchise fun funny stupid outrageous loved every second getting laugh enjoy movie public awesome wanna see rock idris elba jason statham ryan reynolds return fast10,2021-06-25 03:19:49
mia show letty say brian watching kid cut vin diesel surprise pikachu face laughed three goddamn minute straight motherfucker letty left farm put son,2021-06-26 03:25:44
best comedy year,2021-06-25 04:07:18
dumbest movie ive seen still loved solely set piece character chemistry theyve developed past 20 year like wrote plot movie yeah there super weapon take computer planet hunted doms brother weve never mentioned 8 previous installment also doms brother trying kill han working cia shaw faked murder han could protect daughter scientist activate said super weapon reasonable person would like fuck thing movie happen happen like dom magically realizes necklace brother like split second clip magically show every place theyre supposed cardi b show though dom didnt realize villain base etc none matter family entertaining together dumb shit happens entertaining loved tej roman ramsey felt like lot excited see han next hobbs shaw movie stoked see guy adventure,2021-06-25 02:15:45
jacob pressed no race said head soon junior dom said soon love tiny throwaway line think 2fast2furious made movie edit ahh first movie race war scene,2021-06-25 11:02:22
deleted,2021-06-25 02:06:54
fast furious olive garden movie franchise youre youre family,2021-06-25 02:20:27
bow wow,2021-06-25 23:24:27
magnetism movie lmao mom dying ridiculous shit mf going space car destroying satellite crossing mountain bridge rope fuck well keep watching em loved jacob dom made end cant imagine hard jacob blamed hated father asked good son wish wouldve proper hug end dom car worth much worth way nice set hobbs shaw 2 well fast 10,2021-06-26 00:46:59
feel like dom letty try adjust civilian life parent criminal brother show cipher super weapon go space two completely different script vin diesel vega shuffled movie,2021-06-27 13:28:13
there small bit beginning cant stop thinking dom baby brian kid say something effect nowhere know god say god life heart dom say like oh yeah well ill live forever heart like kid probably interacted max 4 people since could walk talk whatever hear who giving baby brian scoop,2021-06-27 17:17:40
honestly disappointing part movie reunion sean han super weak honestly han entire resurrection weak though went space movie still felt tamer past loved flashback though,2021-06-25 05:19:13
bbq scene end realized part doms family 3,2021-06-25 06:14:35
part old lady jewel thief talking dom say john cena similar facial feature cousin blind lady dom staring explosion crouched 5 foot away dom breaking letys fall car making spacecraft fiero definitely already blew earlier point discounting possibility endless supply red fieros close zoom shifting automatic jeep gladiator neutral hitting army vehicle still enjoy movie 610,2021-06-25 06:48:10
wouldnt call worst movie seen would say far stupidest movie seen there single scene movie make ounce sense said moment couldve turned bad movie classic tried stop moving truck last part movie seemed impossible john cenas character came save day ifat moment would put cenas wwe entrance music come green hat purple arm band would place movie top 10,2021-07-06 18:54:58
remember big bad trucker shotgun,2021-07-08 10:56:22
hated roman pierce alone jungle grabbed ak proceeded kill 10 guy without getting hurt,2021-07-24 13:27:20
20 minute dont know let keep playing holy crap awful tyrese going rambo ludacris driving bridge bad,2021-07-29 05:14:46
thing made laugh serious vin young dom looking like barack vins blue steel pout vin separate shot character scene probably needed hundred take per line han perpetual snacking make lack character demoting sean stoic cool tokyo drifter bumbling goof god mode tyrese tacky tiktok style subtitle,2021-07-29 21:23:02
f 10 rich kid father villain go inside volcano save planet exploding f 11 doms clone villain final fight survives dont know,2021-07-31 02:15:33
ridiculous amazing movie roman going full meta commentary dom turning sampson han crash getting another retcon love franchise felt like theyre coming end arc main cast vin seemed oddly distant others weirdly long dying dream scene doms usual dramatic staring thinking scene felt like building finale cypher remaining villain multiple movie feel like defeating doms last hurrah lead spinoff thats three hour tyrese riffing thing happening also big credit sung kang han clearly seemed effected he dealt felt like really changed man,2021-06-25 03:39:18
much enjoyable 8 imo far preposterous stunt whole franchise culminating space travel theater laughing harder comedy liked meta commentary character obviously roman thinking theyre invincible also little line like well thats new letty cena fine adversary who clearly gonna team gang role man miss rock holding hope bring back point liked flashback thought would young dom didnt look much like diesel voice pretty spoton would never thought cast finn cole young john cena sort look alike except drastic height difference loved briefly seeing young version letty vince jesse wouldnt surprised prequel period point fast scale fast five 1010 solid 85 great see justin lin come back embrace absurdity franchise cant wait 10,2021-06-25 02:52:43
deleted,2021-06-25 06:02:38
f1011 gonna infinity warendgame treatment gonna 6 hour family fun near future obvious charlize therons character gonna pull dr evil satellite pull asteroid destroy world family forced space fun 10th movie probably stuck asteroid someone sacrifice theirselves asteroid makeshift no bomb tyrese gibson leave family disarray defeated movie 11 finally kill theron set prequel movie,2021-06-26 10:42:18
many problem plot doms brother big spyevil guy yet mention previous movie also never acknowledges sister till end also think lie father match fixing worth moving away hometown letting brother think killed father leti decides going mission night hear barely telling dom leaving also magnet dont work car dom apparently sacrificing life entail shutting door could entered helped protect team escape fight 30 guy hand hand combat samson strength saved drowning said wife trying protect doms jump bridge car hook tire rope swing across cliff accident roman mention cenas plane magnet swoop doms tire rope swing across bridge stunt leti seeing mexican flag random house japan connecting dot immediately han house 3 year later explanation faked han death literally magic moment burning car next moment building standing next mr nobody somehow bothered mean character leave really since brought back magic explanation also mr nobody name stupid especially since use many time mr nobody also telling han recruited gisele work best student though working cartel met doms crew also weird rich criminal kid guy releasing cipher wont immediatelty double cross also francis nganou really fighting anyone winning cardi b okay funny whole interpol scene arresting dom mansion dumb big weapon dome thing controlled whether kid touch pretty dumb space scene fine since one took risk stopped satellite dom living wilderness dumb since back la rebuilding house backstory brian helping mia help weird mean initial reason raising family together dont want put family risk isnt good doesnt hold since keep refering knowing cant show also dom doesnt joke banter member crew dont mention hobbs,2021-07-04 20:50:01
dude sean tokyo drifter dirty fuck behind plane instead car action scene car fucking stupid,2021-07-29 21:03:51
nephew eight love car mum wont let watch ff movie he older hope im still around he teen binge entire series weekend ill turn around like ok finished ff1 think ff7 ff8,2021-07-16 06:26:07
toretto nordic blood,2021-06-26 04:02:12
